p,non_haredi,haredi,arab,all
1,3069.5,1596.470588,1496.346154,2456.533333
2,4281.886792,2063.773585,1972.533333,3330.823529
3,5228.235294,2492.8125,2580,4339.2
4,6263.157895,2902.133333,3066.117647,5257.176471
5,7175.3125,3313.846154,3572.1875,6288.8
6,8160,3872,4367.466667,7295.466667
7,9400.8,4474.352941,5159.245283,8565.9375
8,11107.2,5535.5,6107.764706,10143.5
9,14052.8,7456.5625,7447.733333,13172.8
10,14053.8,7457.5625,7448.733333,13173.8
